{"cameraMode":{"drawMode":0,"name":"Shaded","section":"Shading Mode"},"sceneLighting":true,"audioPlay":false,"sceneViewState":{"m_AlwaysRefresh":false,"showFog":true,"showSkybox":true,"showFlares":true,"showImageEffects":true,"showParticleSystems":true,"showVisualEffectGraphs":true,"m_FxEnabled":true},"in2DMode":false,"pivot":{"x":0.28712230920791628,"y":1.343101143836975,"z":3.528186082839966},"rotation":{"x":-0.04529036581516266,"y":-0.012886862270534039,"z":0.0005854774499312043,"w":-0.9988859295845032},"size":3.587501287460327,"orthographic":false}